backend,row_set,size_bin,bin_mm,n,median_mm,p90_mm,p95_mm,max_mm,sd_z_vox,sd_y_vox,sd_x_vox
original,shipped_rows,0,"[0, 5]",381,2.5999979040061123,16.383858368311646,22.685011829223676,46.67917435211998,5.588083536514931,6.4696794009639,5.689054433705854
original,recomputed_rows,0,"[0, 5]",383,2.6438100490172176,17.24795650568288,22.976838915065223,162.2775729795909,9.31872963649608,7.148132803564063,8.326263710327373
original,shipped_rows,1,"[5, 10]",932,3.1530618057017943,16.59841406864736,22.881770984437892,53.128992193589944,5.609911245460665,6.565337303455393,5.812074397176613
original,recomputed_rows,1,"[5, 10]",935,3.1560283835884646,16.787703716611237,23.459222643467005,213.12476927297766,9.008718468189919,6.60366508026205,6.557193584250577
original,shipped_rows,2,"[10, 20]",676,4.3825440267732345,19.361749015441283,25.204614287992573,104.6920250718501,7.229712750797669,7.60053870532773,6.9177184647123875
original,recomputed_rows,2,"[10, 20]",682,4.412858656168213,20.276635912146716,25.67308304309703,219.4271270415143,12.316230121192941,8.56417994261731,10.53997638776328
original,shipped_rows,3,"[20, 30]",194,6.10670532432549,18.816832991362684,24.70028689905672,42.91393238023808,6.365950332273252,8.037915002669017,7.418297088256115
original,recomputed_rows,3,"[20, 30]",195,6.11621966418051,19.001298400600504,25.50474473407795,128.90093897393956,9.278895736434723,8.921446527279784,7.800933866590234
original,shipped_rows,4,"[30, 50]",104,8.44947960823065,25.412846336059,34.44213741536539,77.23436751967408,8.785068934382455,14.050793101098893,12.362390461841393
original,recomputed_rows,4,"[30, 50]",105,8.625470026181521,25.84147624229204,40.41964528684811,173.83029218121698,15.089785806034042,14.326051291186323,14.637364199937169
original,shipped_rows,5,"[50, 1000000000.0]",57,14.804305640560115,56.0117340498593,66.31600172811976,86.93062863319574,15.690218620817928,21.117587984976847,21.479848104336504
original,recomputed_rows,5,"[50, 1000000000.0]",59,16.314254660640007,64.42677964147543,78.16316853613748,103.17496231670147,16.086569451741784,28.351496991037287,22.650120735737428
unigradicon,shipped_rows,0,"[0, 5]",351,4.873444919382588,18.64016058309577,25.30637602742963,46.036915548885794,7.345662852706104,6.497217501605304,4.641128669016033
unigradicon,recomputed_rows,0,"[0, 5]",351,4.873444919382588,18.64016058309577,25.30637602742963,46.036915548885794,7.345662852706104,6.497217501605304,4.641128669016033
unigradicon,shipped_rows,1,"[5, 10]",835,5.131999101143923,16.142038527402157,21.5322056314918,61.052355041600215,6.294976795942806,6.380428000848977,5.181755050463793
unigradicon,recomputed_rows,1,"[5, 10]",843,5.175897773546139,16.82977227079026,23.04098792587017,402.7057954692967,22.070750710149905,7.892615523187369,5.296412671030978
unigradicon,shipped_rows,2,"[10, 20]",576,5.404515876140898,18.163029297988594,22.454367860675422,68.08253736000185,7.154117515685244,6.684485806665021,6.163275152524799
unigradicon,recomputed_rows,2,"[10, 20]",591,5.632540323439893,19.63530144393949,28.401674795240037,432.45378342757556,36.3837391698543,9.115658246899171,6.343920179905253
unigradicon,shipped_rows,3,"[20, 30]",184,6.367764995771886,14.910356913945666,22.187019790414208,44.30652920343197,6.166277031563614,6.864750478310901,6.338377739905444
unigradicon,recomputed_rows,3,"[20, 30]",188,6.574028343170735,15.575955315268398,24.02736820339567,251.71074396458934,20.943697806526064,7.758161814865465,6.536973194020115
unigradicon,shipped_rows,4,"[30, 50]",97,7.113095049778229,24.452695913733955,40.003030663272284,57.843905214377045,9.508749116543413,11.545703418833543,8.755917945338698
unigradicon,recomputed_rows,4,"[30, 50]",101,7.7731696378934885,36.933228016796214,54.968365922833726,285.07523582125646,34.9141497490863,12.186040391780073,8.939045726428514
unigradicon,shipped_rows,5,"[50, 1000000000.0]",85,26.932787440075515,66.57334102850112,73.58132071407756,84.06156273152065,19.800214714859486,26.604518243012194,24.572439709451476
unigradicon,recomputed_rows,5,"[50, 1000000000.0]",102,37.15297238712214,116.47795361934612,194.68548237175386,249.5407215336868,48.04606929268123,31.28987764392137,31.92272219646314
