claim,paper_value,measured_value,match,source,stated_in,note
Longitudinal-CT patients,300,300,True,meta/*.csv,paper,
"linked lesions, one scan pair per patient",4530,4530,True,"Longitudinal-CT/meta/*.csv, dominant img_id_fu, linking_unclear kept",paper,
unchanged lesions,2424,2424,True,"Longitudinal-CT/meta/*.csv, dominant img_id_fu, linking_unclear kept",paper,
disappearing lesions,1382,1382,True,"Longitudinal-CT/meta/*.csv, dominant img_id_fu, linking_unclear kept",paper,
newlyappearing lesions,558,558,True,"Longitudinal-CT/meta/*.csv, dominant img_id_fu, linking_unclear kept",paper,
merging lesions,166,166,True,"Longitudinal-CT/meta/*.csv, dominant img_id_fu, linking_unclear kept",paper,
topology labels per lesion (distinct values),4,4,True,"Longitudinal-CT/meta/*.csv, dominant img_id_fu, linking_unclear kept",paper,
merge events,38,38,True,"Longitudinal-CT/meta/*.csv, dominant img_id_fu, linking_unclear kept, groups of MERGING rows by merged_into",paper,
merge events of two lesions into one,24,24,True,"Longitudinal-CT/meta/*.csv, dominant img_id_fu, linking_unclear kept",paper,
split labels (SPLIT rows),0,0,True,meta/*.csv topology_class (all rows),paper,"load_meta asserts every topology is one of the four classes, so this is 0 by construction unless it aborts"
held-out patients,60,60,True,test_patients.csv,paper,
held-out = released val (30) + test (30),60,60,True,data_split.json vs test_patients.csv,paper,
released split: validation patients,30,30,True,data_split.json,paper,
released split: test patients,30,30,True,data_split.json,paper,
remaining training pool patients,240,240,True,data_split.json,paper,
held-out lesions,774,774,True,"Longitudinal-CT/meta/*.csv, dominant img_id_fu, linking_unclear kept, held-out 60",paper,
held-out unchanged lesions,475,475,True,"Longitudinal-CT/meta/*.csv, dominant img_id_fu, linking_unclear kept, held-out 60",paper,
held-out disappearing lesions,213,213,True,"Longitudinal-CT/meta/*.csv, dominant img_id_fu, linking_unclear kept, held-out 60",paper,
held-out newlyappearing lesions,67,67,True,"Longitudinal-CT/meta/*.csv, dominant img_id_fu, linking_unclear kept, held-out 60",paper,
held-out merging lesions,19,19,True,"Longitudinal-CT/meta/*.csv, dominant img_id_fu, linking_unclear kept, held-out 60",paper,
held-out merge events,5,5,True,"Longitudinal-CT/meta/*.csv, dominant img_id_fu, linking_unclear kept, held-out 60",paper,
held-out merge events are in five patients,5,5,True,"Longitudinal-CT/meta/*.csv, dominant img_id_fu, linking_unclear kept, held-out 60",paper,
held-out largest merge: nine lesions into one,9,9,True,"Longitudinal-CT/meta/*.csv, dominant img_id_fu, linking_unclear kept, held-out 60",paper,
"tab:datasets volumes, Longitudinal-CT",537,537,True,"splits_final.json train+val, prefix d013",paper,
"tab:datasets volumes, LIDC-IDRI",897,897,True,"splits_final.json train+val, prefix d024",paper,
"tab:datasets volumes, LNDb",216,216,True,"splits_final.json train+val, prefix d012",paper,
"tab:datasets volumes, MSD Lung",63,63,True,"splits_final.json train+val, prefix d015",paper,
"tab:datasets volumes, RIDER Lung CT",59,59,True,"splits_final.json train+val, prefix d029",paper,
"tab:datasets volumes, Mediastinal LN",120,120,True,"splits_final.json train+val, prefix d030",paper,
"tab:datasets volumes, MCT-LTDiag",516,516,True,"splits_final.json train+val, prefix d027",paper,
"tab:datasets volumes, WAW-TACE",232,232,True,"splits_final.json train+val, prefix d019",paper,
"tab:datasets volumes, CRLM",197,197,True,"splits_final.json train+val, prefix d011",paper,
"tab:datasets volumes, MSD Liver",130,130,True,"splits_final.json train+val, prefix d017",paper,
"tab:datasets volumes, LiTS",126,126,True,"splits_final.json train+val, prefix d023",paper,
"tab:datasets volumes, WORC CRLM",77,77,True,"splits_final.json train+val, prefix d020",paper,
"tab:datasets volumes, PanTS",880,880,True,"splits_final.json train+val, prefix d028",paper,
"tab:datasets volumes, MSD Pancreas",281,281,True,"splits_final.json train+val, prefix d016",paper,
"tab:datasets volumes, RUMC Pancreas",13,13,True,"splits_final.json train+val, prefix d026",paper,
"tab:datasets volumes, KiTS23",489,489,True,"splits_final.json train+val, prefix d022",paper,
"tab:datasets volumes, MSWAL",284,284,True,"splits_final.json train+val, prefix d018",paper,
"tab:datasets volumes, WORC GIST",245,245,True,"splits_final.json train+val, prefix d021",paper,
"tab:datasets volumes, MSD Colon",126,126,True,"splits_final.json train+val, prefix d014",paper,
"tab:datasets volumes, Adrenal-ACC-Ki67",51,51,True,"splits_final.json train+val, prefix d031",paper,
"tab:datasets volumes, RUMC Bone",151,151,True,"splits_final.json train+val, prefix d025",paper,
tab:datasets total volumes,5690,5690,True,splits_final.json train+val,paper,
5690 volumes: cohorts.json total,5690,5690,True,cohorts.json counts,paper,
5690 volumes: dataset.json entries,5690,5796,False,dataset.json,paper,dataset.json also lists 106 RUMC pancreas volumes (d026: 119 vs 13) that are in neither splits_final.json nor the preprocessed folder
21 cohorts (corpus),21,21,True,splits_final.json prefixes,paper,
21 cohorts (NanoUNet_raw dirs Dataset011..031),21,21,True,NanoUNet_raw listing,paper,
"15 % of each cohort held out for validation (pooled share, %)",15,15.061511423550089,True,splits_final.json,paper,
15 % of each cohort held out for validation (every cohort within one case of 15 %),0,1,False,splits_final.json,paper,cohorts off by more than one case: ['RIDER Lung CT']
Longitudinal-CT enters the corpus as 537 separate scans,537,537,True,splits_final.json d013,paper,
... from 240 patients,240,240,True,splits_final.json d013 case names,paper,
... the 240 are the released split's training patients,240,240,True,data_split.json train,paper,
... none of the held-out 60 is in the corpus,0,0,True,splits_final.json d013 vs test_patients.csv,paper,
"median lesion radius (equivalent sphere, vox) in the pooled corpus",4.6,4.638339757884534,True,"centroids.json volume_vox, all lesions of the 5690 volumes",paper,
neighbour within 30 vox for x % of lesions,42,32.955487973458666,False,"centroids.json centroids_zyx, nearest other lesion, Euclidean voxels, all lesions",paper,
PanTrack patients,45,45,True,PanTrack patients/tracking/organ_annotations.json,paper,
PanTrack CT scans,161,161,True,patients.json,paper,
PanTrack label files,161,161,True,labels/ listing,paper,counted over the whole folder even in a smoke run
PanTrack annotated lesion instances,292,289,False,organ_annotations.json entries,paper,
PanTrack annotated lesion instances (label NIfTIs),292,289,False,labels/*.nii.gz distinct non-zero values per scan,paper,labels are uint8: annotation ids above 255 wrap (307 -> 51)
PanTrack pancreas instances,165,164,False,organ_annotations.json,dataset README (via plan),
PanTrack liver instances,124,122,False,organ_annotations.json,dataset README (via plan),
PanTrack lymph-node instances,3,3,True,organ_annotations.json,dataset README (via plan),
PanTrack consecutive scan pairs,116,116,True,tracking.json,paper,
PanTrack vanishing lesion pairs,36,36,True,tracking.json fu_point null,dataset README (via plan),
PanTrack propagated point for every lesion (count = tracked lesion entries),217,217,True,tracking.json fu_point_prop,paper,
