patient,n_bl,n_fu,n_bl_unclear_excluded,n_fu_unclear_excluded,n_unclear,in_holdout60,empty_under_paper_rule,empty_after_dropping_unclear
06eb133bbf,2,0,2,0,0,False,True,True
0777d5c17d,1,0,1,0,0,False,True,True
07e1cd7dca,2,0,2,0,0,True,True,True
0aa1883c64,1,0,1,0,0,False,True,True
19f3cd308f,3,0,3,0,0,False,True,True
432aca3a1e,32,0,32,0,0,False,True,True
5878a7ab84,2,0,2,0,0,False,True,True
6883966fd8,3,0,3,0,0,True,True,True
a3c65c2974,1,0,1,0,0,False,True,True
b73ce398c3,3,0,3,0,0,False,True,True
c6f057b865,0,6,0,6,0,False,True,True
cfa0860e83,9,0,9,0,0,True,True,True
d296c101da,1,0,1,0,0,False,True,True
d947bf06a8,13,0,13,0,0,False,True,True
e56954b4f6,1,0,1,0,0,False,True,True
eb160de1de,4,0,4,0,0,False,True,True
fc22130974,2,0,2,0,0,False,True,True
