patient,merged_into,group_size,bl_lesion_ids,unclear_ids,in_holdout60
0a09c8844b,4,3,"[1, 2, 4]",[],False
19f3cd308f,3,2,"[2, 3]",[],False
1c9ac0159c,19,3,"[10, 15, 19]",[],False
1ff8a7b5dc,42,2,"[20, 42]",[],False
2a79ea27c2,6,2,"[5, 6]",[],False
37a749d808,41,2,"[17, 41]",[],False
39059724f7,11,4,"[3, 6, 10, 11]",[],True
3988c7f88e,44,2,"[20, 44]",[],True
5737c6ec2e,13,2,"[7, 13]",[],False
5737c6ec2e,21,2,"[14, 21]",[],False
58a2fc6ed3,5,2,"[3, 5]",[],False
58a2fc6ed3,34,2,"[22, 34]",[],False
58a2fc6ed3,37,2,"[27, 37]",[],False
58a2fc6ed3,43,2,"[40, 43]",[],False
58a2fc6ed3,45,2,"[18, 45]",[],False
698d51a19d,9,2,"[2, 9]",[],False
73f7634ab3,13,10,"[1, 2, 4, 5, 6, 8, 9, 11, 12, 13]",[],False
758874998f,6,2,"[1, 6]",[],False
758874998f,17,2,"[16, 17]",[],False
7658d0d211,12,6,"[3, 5, 6, 8, 10, 12]",[],False
a0a080f42e,3,2,"[2, 3]",[],False
a2557a7b2e,36,3,"[14, 35, 36]",[],False
a2557a7b2e,50,20,"[1, 2, 5, 6, 7, 8, 11, 13, 15, 18, 24, 30, 31, 34, 38, 40, 41, 47, 48, 50]",[],False
a71d83915f,13,2,"[7, 13]",[],False
a71d83915f,63,24,"[3, 8, 9, 11, 14, 19, 20, 22, 23, 24, 26, 27, 28, 30, 36, 37, 39, 49, 52, 56, 57, 58, 59, 63]",[],False
a8f15eda80,14,2,"[8, 14]",[],True
b1d10e7baf,4,2,"[3, 4]",[],False
b34f33d0bc,24,2,"[4, 24]",[],False
bc6dc48b74,19,2,"[5, 19]",[],False
bf97f24695,19,9,"[1, 2, 3, 5, 9, 14, 15, 16, 19]",[],True
c9e1074f5b,14,2,"[8, 14]",[],False
c9e1074f5b,23,4,"[5, 13, 16, 23]",[],False
c9e1074f5b,24,2,"[1, 24]",[],False
d2716515bd,12,3,"[1, 10, 12]",[],False
d2716515bd,22,12,"[3, 4, 6, 8, 9, 13, 14, 17, 18, 19, 20, 22]",[],False
d395771085,15,13,"[1, 2, 3, 4, 5, 6, 7, 8, 10, 11, 13, 14, 15]",[],False
db8e1af0cb,8,4,"[3, 5, 7, 8]",[],False
e2c0be2456,46,2,"[39, 46]",[],True
