patient,lesion_id,topology_class,img_id_fu
013d407166,9,UNCHANGED,0
06eb61b839,1,UNCHANGED,0
06eb61b839,3,UNCHANGED,0
06eb61b839,4,UNCHANGED,0
06eb61b839,5,UNCHANGED,0
06eb61b839,6,UNCHANGED,0
06eb61b839,7,UNCHANGED,0
06eb61b839,8,UNCHANGED,0
06eb61b839,9,UNCHANGED,0
1534b76d32,3,UNCHANGED,0
16a5cdae36,34,UNCHANGED,1
1ff8a7b5dc,26,UNCHANGED,0
1ff8a7b5dc,38,UNCHANGED,0
289dff0766,1,DISAPPEARING,0
289dff0766,6,DISAPPEARING,0
289dff0766,8,DISAPPEARING,0
289dff0766,9,DISAPPEARING,0
289dff0766,10,DISAPPEARING,0
289dff0766,12,DISAPPEARING,0
5737c6ec2e,11,UNCHANGED,0
577bcc914f,11,DISAPPEARING,0
577bcc914f,26,DISAPPEARING,0
577bcc914f,28,UNCHANGED,0
58a2fc6ed3,44,UNCHANGED,0
671f8ff3e6,30,DISAPPEARING,0
73278a4a86,1,DISAPPEARING,0
73278a4a86,3,DISAPPEARING,0
73278a4a86,4,DISAPPEARING,0
73f7634ab3,2,MERGING,0
73f7634ab3,3,UNCHANGED,0
73f7634ab3,5,MERGING,0
73f7634ab3,6,MERGING,0
73f7634ab3,7,UNCHANGED,0
73f7634ab3,8,MERGING,0
73f7634ab3,11,MERGING,0
73f7634ab3,12,MERGING,0
73f7634ab3,13,MERGING,0
84d9ee44e4,1,DISAPPEARING,1
8e98d81f82,1,UNCHANGED,0
8e98d81f82,2,DISAPPEARING,0
8e98d81f82,3,DISAPPEARING,0
8e98d81f82,4,DISAPPEARING,0
8e98d81f82,5,DISAPPEARING,0
8e98d81f82,6,UNCHANGED,0
8e98d81f82,7,UNCHANGED,0
8e98d81f82,8,DISAPPEARING,0
8e98d81f82,9,DISAPPEARING,0
8e98d81f82,10,DISAPPEARING,0
8e98d81f82,11,DISAPPEARING,0
a0a080f42e,3,MERGING,0
a0a080f42e,4,DISAPPEARING,0
a2557a7b2e,1,MERGING,0
a2557a7b2e,2,MERGING,0
a2557a7b2e,6,MERGING,0
a2557a7b2e,7,MERGING,0
a2557a7b2e,8,MERGING,0
a2557a7b2e,11,MERGING,0
a2557a7b2e,13,MERGING,0
a2557a7b2e,15,MERGING,0
a2557a7b2e,18,MERGING,0
a2557a7b2e,19,UNCHANGED,0
a2557a7b2e,21,UNCHANGED,0
a2557a7b2e,24,MERGING,0
a2557a7b2e,28,UNCHANGED,0
a2557a7b2e,30,MERGING,0
a2557a7b2e,35,MERGING,0
a2557a7b2e,36,MERGING,0
a2557a7b2e,37,UNCHANGED,0
a2557a7b2e,38,MERGING,0
a2557a7b2e,40,MERGING,0
a2557a7b2e,41,MERGING,0
a2557a7b2e,47,MERGING,0
a2557a7b2e,48,MERGING,0
a2557a7b2e,50,MERGING,0
a71d83915f,3,MERGING,0
a71d83915f,8,MERGING,0
a71d83915f,9,MERGING,0
a71d83915f,11,MERGING,0
a71d83915f,14,MERGING,0
a71d83915f,19,MERGING,0
a71d83915f,22,MERGING,0
a71d83915f,23,MERGING,0
a71d83915f,24,MERGING,0
a71d83915f,26,MERGING,0
a71d83915f,27,MERGING,0
a71d83915f,28,MERGING,0
a71d83915f,30,MERGING,0
a71d83915f,36,MERGING,0
a71d83915f,37,MERGING,0
a71d83915f,39,MERGING,0
a71d83915f,49,MERGING,0
a71d83915f,56,MERGING,0
a71d83915f,57,MERGING,0
a71d83915f,58,MERGING,0
a71d83915f,63,MERGING,0
b34f33d0bc,7,UNCHANGED,0
b34f33d0bc,29,UNCHANGED,0
bf97f24695,1,MERGING,0
bf97f24695,2,MERGING,0
bf97f24695,3,MERGING,0
bf97f24695,5,MERGING,0
bf97f24695,9,MERGING,0
bf97f24695,14,MERGING,0
bf97f24695,16,MERGING,0
bf97f24695,19,MERGING,0
c4258e0f53,1,UNCHANGED,0
c4258e0f53,3,DISAPPEARING,0
c4258e0f53,5,UNCHANGED,0
c4258e0f53,6,DISAPPEARING,0
c4de9fe968,13,DISAPPEARING,0
c4de9fe968,19,UNCHANGED,0
c4de9fe968,25,DISAPPEARING,0
c4de9fe968,34,DISAPPEARING,0
c4de9fe968,44,DISAPPEARING,0
d2716515bd,8,MERGING,0
d2716515bd,20,MERGING,0
d395771085,12,UNCHANGED,0
db8e1af0cb,3,MERGING,0
e2c0be2456,7,UNCHANGED,0
e2c0be2456,8,UNCHANGED,0
e2c0be2456,15,UNCHANGED,0
e2c0be2456,19,UNCHANGED,0
e2c0be2456,22,UNCHANGED,0
e2c0be2456,24,UNCHANGED,0
e2c0be2456,26,UNCHANGED,0
e2c0be2456,36,UNCHANGED,0
e2c0be2456,41,UNCHANGED,0
e2c0be2456,43,UNCHANGED,0
e2c0be2456,44,UNCHANGED,0
