scan,patient,n_annotated_lesions,n_label_instances,n_pancreas,n_liver,n_lymph_node,ids_equal_mod_256,max_annotation_id
PanTrack_001_20220111,PanTrack_001,1,1,1,0,0,True,307
PanTrack_001_20220711,PanTrack_001,1,1,1,0,0,True,307
PanTrack_002_20240827,PanTrack_002,1,1,1,0,0,True,337
PanTrack_002_20240904,PanTrack_002,1,1,1,0,0,True,337
PanTrack_002_20241029,PanTrack_002,1,1,1,0,0,True,337
PanTrack_003_20211006,PanTrack_003,1,1,1,0,0,True,322
PanTrack_003_20211011,PanTrack_003,1,1,1,0,0,True,322
PanTrack_004_20230622,PanTrack_004,1,1,1,0,0,True,188
PanTrack_004_20230920,PanTrack_004,9,9,1,8,0,True,200
PanTrack_004_20240105,PanTrack_004,3,3,1,2,0,True,200
PanTrack_004_20240410,PanTrack_004,1,1,1,0,0,True,188
PanTrack_004_20240717,PanTrack_004,1,1,1,0,0,True,188
PanTrack_004_20241023,PanTrack_004,1,1,1,0,0,True,188
PanTrack_005_20210614,PanTrack_005,1,1,1,0,0,True,309
PanTrack_005_20210709,PanTrack_005,1,1,1,0,0,True,309
PanTrack_005_20211119,PanTrack_005,1,1,1,0,0,True,309
PanTrack_005_20220104,PanTrack_005,1,1,1,0,0,True,309
PanTrack_005_20220329,PanTrack_005,1,1,1,0,0,True,309
PanTrack_005_20220623,PanTrack_005,1,1,1,0,0,True,309
PanTrack_006_20210708,PanTrack_006,1,1,1,0,0,True,325
PanTrack_006_20210809,PanTrack_006,1,1,1,0,0,True,325
PanTrack_007_20220912,PanTrack_007,1,1,1,0,0,True,190
PanTrack_007_20230106,PanTrack_007,14,14,1,13,0,True,214
PanTrack_007_20230327,PanTrack_007,4,4,1,3,0,True,210
PanTrack_007_20230620,PanTrack_007,2,2,1,1,0,True,208
PanTrack_008_20231005,PanTrack_008,1,1,1,0,0,True,279
PanTrack_008_20231215,PanTrack_008,1,1,1,0,0,True,279
PanTrack_009_20210429,PanTrack_009,1,1,1,0,0,True,323
PanTrack_009_20210808,PanTrack_009,1,1,1,0,0,True,323
PanTrack_010_20210719,PanTrack_010,1,1,1,0,0,True,239
PanTrack_010_20211110,PanTrack_010,1,1,1,0,0,True,239
PanTrack_010_20220209,PanTrack_010,1,1,1,0,0,True,239
PanTrack_010_20220516,PanTrack_010,1,1,1,0,0,True,239
PanTrack_010_20220907,PanTrack_010,1,1,1,0,0,True,239
PanTrack_010_20221117,PanTrack_010,1,1,1,0,0,True,239
PanTrack_010_20230206,PanTrack_010,1,1,1,0,0,True,239
PanTrack_010_20230411,PanTrack_010,1,1,1,0,0,True,239
PanTrack_010_20230814,PanTrack_010,1,1,1,0,0,True,239
PanTrack_010_20231204,PanTrack_010,1,1,1,0,0,True,239
PanTrack_010_20240627,PanTrack_010,1,1,1,0,0,True,239
PanTrack_011_20240905,PanTrack_011,1,1,1,0,0,True,327
PanTrack_011_20241029,PanTrack_011,1,1,1,0,0,True,327
PanTrack_011_20241230,PanTrack_011,1,1,1,0,0,True,327
PanTrack_012_20231110,PanTrack_012,2,2,1,1,0,True,224
PanTrack_012_20240123,PanTrack_012,2,2,1,1,0,True,224
PanTrack_012_20240329,PanTrack_012,1,1,1,0,0,True,222
PanTrack_013_20220610,PanTrack_013,1,1,1,0,0,True,301
PanTrack_013_20230503,PanTrack_013,1,1,1,0,0,True,301
PanTrack_013_20230816,PanTrack_013,1,1,1,0,0,True,301
PanTrack_014_20220712,PanTrack_014,1,1,1,0,0,True,305
PanTrack_014_20221005,PanTrack_014,1,1,1,0,0,True,305
PanTrack_014_20221115,PanTrack_014,1,1,1,0,0,True,305
PanTrack_015_20221202,PanTrack_015,1,1,1,0,0,True,290
PanTrack_015_20230227,PanTrack_015,1,1,1,0,0,True,290
PanTrack_015_20230602,PanTrack_015,1,1,1,0,0,True,290
PanTrack_015_20230928,PanTrack_015,1,1,1,0,0,True,290
PanTrack_016_20230925,PanTrack_016,1,1,1,0,0,True,278
PanTrack_016_20231011,PanTrack_016,1,1,1,0,0,True,278
PanTrack_016_20231123,PanTrack_016,1,1,1,0,0,True,278
PanTrack_017_20240131,PanTrack_017,1,1,1,0,0,True,230
PanTrack_017_20240208,PanTrack_017,1,1,1,0,0,True,230
PanTrack_018_20240529,PanTrack_018,1,1,1,0,0,True,234
PanTrack_018_20240611,PanTrack_018,1,1,1,0,0,True,234
PanTrack_018_20240618,PanTrack_018,1,1,1,0,0,True,234
PanTrack_018_20240626,PanTrack_018,1,1,1,0,0,True,234
PanTrack_018_20240710,PanTrack_018,1,1,1,0,0,True,234
PanTrack_019_20240710,PanTrack_019,1,1,1,0,0,True,330
PanTrack_019_20240827,PanTrack_019,1,1,1,0,0,True,330
PanTrack_019_20240918,PanTrack_019,1,1,1,0,0,True,330
PanTrack_020_20240924,PanTrack_020,2,2,2,0,0,True,335
PanTrack_020_20241108,PanTrack_020,2,2,2,0,0,True,335
PanTrack_020_20241111,PanTrack_020,2,2,2,0,0,True,335
PanTrack_021_20221103,PanTrack_021,1,1,1,0,0,True,261
PanTrack_021_20230222,PanTrack_021,1,1,1,0,0,True,261
PanTrack_022_20240702,PanTrack_022,1,1,1,0,0,True,186
PanTrack_022_20240709,PanTrack_022,1,1,1,0,0,True,186
PanTrack_023_20240816,PanTrack_023,9,9,1,8,0,True,370
PanTrack_023_20241015,PanTrack_023,9,9,1,8,0,True,370
PanTrack_024_20230427,PanTrack_024,1,1,1,0,0,True,291
PanTrack_024_20230614,PanTrack_024,4,4,1,3,0,True,296
PanTrack_024_20230918,PanTrack_024,5,5,1,4,0,True,299
PanTrack_025_20240624,PanTrack_025,1,1,1,0,0,True,237
PanTrack_025_20240820,PanTrack_025,1,1,1,0,0,True,237
PanTrack_026_20220315,PanTrack_026,4,4,1,3,0,True,314
PanTrack_026_20220519,PanTrack_026,4,4,1,3,0,True,314
PanTrack_026_20220815,PanTrack_026,4,4,1,3,0,True,314
PanTrack_026_20221108,PanTrack_026,7,7,1,6,0,True,321
PanTrack_026_20230223,PanTrack_026,6,6,1,5,0,True,321
PanTrack_026_20230717,PanTrack_026,5,5,1,4,0,True,320
PanTrack_027_20240211,PanTrack_027,1,1,1,0,0,True,225
PanTrack_027_20240320,PanTrack_027,1,1,1,0,0,True,225
PanTrack_028_20211209,PanTrack_028,1,1,1,0,0,True,310
PanTrack_028_20220215,PanTrack_028,1,1,1,0,0,True,310
PanTrack_028_20220511,PanTrack_028,1,1,1,0,0,True,310
PanTrack_029_20230116,PanTrack_029,14,14,1,12,1,True,277
PanTrack_029_20230530,PanTrack_029,14,14,1,12,1,True,277
PanTrack_029_20230728,PanTrack_029,5,5,1,3,1,True,273
PanTrack_029_20231004,PanTrack_029,2,2,1,1,0,True,273
PanTrack_029_20231211,PanTrack_029,4,4,1,3,0,True,362
PanTrack_030_20240618,PanTrack_030,1,1,1,0,0,True,236
PanTrack_030_20240621,PanTrack_030,1,1,1,0,0,True,236
PanTrack_030_20240916,PanTrack_030,1,1,1,0,0,True,236
PanTrack_031_20240617,PanTrack_031,1,1,1,0,0,True,339
PanTrack_031_20240619,PanTrack_031,1,1,1,0,0,True,339
PanTrack_031_20241118,PanTrack_031,1,1,1,0,0,True,339
PanTrack_032_20230510,PanTrack_032,1,1,1,0,0,True,303
PanTrack_032_20230711,PanTrack_032,1,1,1,0,0,True,303
PanTrack_032_20230828,PanTrack_032,1,1,1,0,0,True,303
PanTrack_033_20210713,PanTrack_033,1,1,1,0,0,True,217
PanTrack_033_20211109,PanTrack_033,2,2,1,1,0,True,218
PanTrack_033_20220203,PanTrack_033,2,2,1,1,0,True,218
PanTrack_033_20220412,PanTrack_033,2,2,1,1,0,True,218
PanTrack_033_20220919,PanTrack_033,2,2,1,1,0,True,218
PanTrack_033_20230130,PanTrack_033,1,1,1,0,0,True,217
PanTrack_033_20230328,PanTrack_033,3,3,1,2,0,True,220
PanTrack_033_20230630,PanTrack_033,3,3,1,2,0,True,220
PanTrack_034_20230724,PanTrack_034,1,1,1,0,0,True,215
PanTrack_034_20230821,PanTrack_034,1,1,1,0,0,True,215
PanTrack_034_20231028,PanTrack_034,1,1,1,0,0,True,215
PanTrack_034_20231117,PanTrack_034,1,1,1,0,0,True,215
PanTrack_034_20240108,PanTrack_034,1,1,1,0,0,True,215
PanTrack_035_20231020,PanTrack_035,1,1,1,0,0,True,231
PanTrack_035_20231130,PanTrack_035,1,1,1,0,0,True,231
PanTrack_035_20240404,PanTrack_035,1,1,1,0,0,True,231
PanTrack_036_20220315,PanTrack_036,1,1,1,0,0,True,308
PanTrack_036_20220711,PanTrack_036,1,1,1,0,0,True,308
PanTrack_037_20220808,PanTrack_037,1,1,1,0,0,True,302
PanTrack_037_20230620,PanTrack_037,1,1,1,0,0,True,302
PanTrack_037_20230718,PanTrack_037,1,1,1,0,0,True,302
PanTrack_037_20231101,PanTrack_037,1,1,1,0,0,True,302
PanTrack_038_20211102,PanTrack_038,1,1,1,0,0,True,289
PanTrack_038_20230920,PanTrack_038,1,1,1,0,0,True,289
PanTrack_038_20230929,PanTrack_038,1,1,1,0,0,True,289
PanTrack_039_20210310,PanTrack_039,1,1,1,0,0,True,280
PanTrack_039_20210609,PanTrack_039,1,1,1,0,0,True,280
PanTrack_039_20210930,PanTrack_039,1,1,1,0,0,True,280
PanTrack_039_20220210,PanTrack_039,1,1,1,0,0,True,280
PanTrack_039_20220422,PanTrack_039,1,1,1,0,0,True,280
PanTrack_039_20220825,PanTrack_039,1,1,1,0,0,True,280
PanTrack_039_20221130,PanTrack_039,1,1,1,0,0,True,280
PanTrack_039_20230411,PanTrack_039,1,1,1,0,0,True,280
PanTrack_039_20230719,PanTrack_039,1,1,1,0,0,True,280
PanTrack_039_20231002,PanTrack_039,1,1,1,0,0,True,280
PanTrack_040_20230421,PanTrack_040,1,1,1,0,0,True,300
PanTrack_040_20230824,PanTrack_040,1,1,1,0,0,True,300
PanTrack_041_20220804,PanTrack_041,1,1,1,0,0,True,306
PanTrack_041_20221101,PanTrack_041,1,1,1,0,0,True,306
PanTrack_041_20230105,PanTrack_041,1,1,1,0,0,True,306
PanTrack_041_20230309,PanTrack_041,1,1,1,0,0,True,306
PanTrack_041_20230519,PanTrack_041,1,1,1,0,0,True,306
PanTrack_042_20230403,PanTrack_042,1,1,1,0,0,True,263
PanTrack_042_20230426,PanTrack_042,1,1,1,0,0,True,263
PanTrack_043_20240918,PanTrack_043,1,1,1,0,0,True,338
PanTrack_043_20241101,PanTrack_043,1,1,1,0,0,True,338
PanTrack_043_20241108,PanTrack_043,1,1,1,0,0,True,338
PanTrack_044_20240118,PanTrack_044,1,1,1,0,0,True,229
PanTrack_044_20240516,PanTrack_044,1,1,1,0,0,True,229
PanTrack_044_20240826,PanTrack_044,1,1,1,0,0,True,229
PanTrack_044_20241202,PanTrack_044,1,1,1,0,0,True,229
PanTrack_045_20241001,PanTrack_045,4,4,1,3,0,True,344
PanTrack_045_20241109,PanTrack_045,5,5,1,4,0,True,345
