patient,pair_index,bl_scan,fu_scan,n_tracked_lesions,n_vanishing,vanishing_ids
PanTrack_001,0,PanTrack_001_20220111,PanTrack_001_20220711,1,0,[]
PanTrack_002,0,PanTrack_002_20240827,PanTrack_002_20240904,1,0,[]
PanTrack_002,1,PanTrack_002_20240904,PanTrack_002_20241029,1,0,[]
PanTrack_003,0,PanTrack_003_20211006,PanTrack_003_20211011,1,0,[]
PanTrack_004,0,PanTrack_004_20230622,PanTrack_004_20230920,1,0,[]
PanTrack_004,1,PanTrack_004_20230920,PanTrack_004_20240105,9,6,"[""193"", ""194"", ""195"", ""196"", ""197"", ""199""]"
PanTrack_004,2,PanTrack_004_20240105,PanTrack_004_20240410,3,2,"[""198"", ""200""]"
PanTrack_004,3,PanTrack_004_20240410,PanTrack_004_20240717,1,0,[]
PanTrack_004,4,PanTrack_004_20240717,PanTrack_004_20241023,1,0,[]
PanTrack_005,0,PanTrack_005_20210614,PanTrack_005_20210709,1,0,[]
PanTrack_005,1,PanTrack_005_20210709,PanTrack_005_20211119,1,0,[]
PanTrack_005,2,PanTrack_005_20211119,PanTrack_005_20220104,1,0,[]
PanTrack_005,3,PanTrack_005_20220104,PanTrack_005_20220329,1,0,[]
PanTrack_005,4,PanTrack_005_20220329,PanTrack_005_20220623,1,0,[]
PanTrack_006,0,PanTrack_006_20210708,PanTrack_006_20210809,1,0,[]
PanTrack_007,0,PanTrack_007_20220912,PanTrack_007_20230106,1,0,[]
PanTrack_007,1,PanTrack_007_20230106,PanTrack_007_20230327,14,10,"[""202"", ""203"", ""205"", ""206"", ""207"", ""209"", ""211"", ""212"", ""213"", ""214""]"
PanTrack_007,2,PanTrack_007_20230327,PanTrack_007_20230620,4,2,"[""204"", ""210""]"
PanTrack_008,0,PanTrack_008_20231005,PanTrack_008_20231215,1,0,[]
PanTrack_009,0,PanTrack_009_20210429,PanTrack_009_20210808,1,0,[]
PanTrack_010,0,PanTrack_010_20210719,PanTrack_010_20211110,1,0,[]
PanTrack_010,1,PanTrack_010_20211110,PanTrack_010_20220209,1,0,[]
PanTrack_010,2,PanTrack_010_20220209,PanTrack_010_20220516,1,0,[]
PanTrack_010,3,PanTrack_010_20220516,PanTrack_010_20220907,1,0,[]
PanTrack_010,4,PanTrack_010_20220907,PanTrack_010_20221117,1,0,[]
PanTrack_010,5,PanTrack_010_20221117,PanTrack_010_20230206,1,0,[]
PanTrack_010,6,PanTrack_010_20230206,PanTrack_010_20230411,1,0,[]
PanTrack_010,7,PanTrack_010_20230411,PanTrack_010_20230814,1,0,[]
PanTrack_010,8,PanTrack_010_20230814,PanTrack_010_20231204,1,0,[]
PanTrack_010,9,PanTrack_010_20231204,PanTrack_010_20240627,1,0,[]
PanTrack_011,0,PanTrack_011_20240905,PanTrack_011_20241029,1,0,[]
PanTrack_011,1,PanTrack_011_20241029,PanTrack_011_20241230,1,0,[]
PanTrack_012,0,PanTrack_012_20231110,PanTrack_012_20240123,2,0,[]
PanTrack_012,1,PanTrack_012_20240123,PanTrack_012_20240329,2,1,"[""224""]"
PanTrack_013,0,PanTrack_013_20220610,PanTrack_013_20230503,1,0,[]
PanTrack_013,1,PanTrack_013_20230503,PanTrack_013_20230816,1,0,[]
PanTrack_014,0,PanTrack_014_20220712,PanTrack_014_20221005,1,0,[]
PanTrack_014,1,PanTrack_014_20221005,PanTrack_014_20221115,1,0,[]
PanTrack_015,0,PanTrack_015_20221202,PanTrack_015_20230227,1,0,[]
PanTrack_015,1,PanTrack_015_20230227,PanTrack_015_20230602,1,0,[]
PanTrack_015,2,PanTrack_015_20230602,PanTrack_015_20230928,1,0,[]
PanTrack_016,0,PanTrack_016_20230925,PanTrack_016_20231011,1,0,[]
PanTrack_016,1,PanTrack_016_20231011,PanTrack_016_20231123,1,0,[]
PanTrack_017,0,PanTrack_017_20240131,PanTrack_017_20240208,1,0,[]
PanTrack_018,0,PanTrack_018_20240529,PanTrack_018_20240611,1,0,[]
PanTrack_018,1,PanTrack_018_20240611,PanTrack_018_20240618,1,0,[]
PanTrack_018,2,PanTrack_018_20240618,PanTrack_018_20240626,1,0,[]
PanTrack_018,3,PanTrack_018_20240626,PanTrack_018_20240710,1,0,[]
PanTrack_019,0,PanTrack_019_20240710,PanTrack_019_20240827,1,0,[]
PanTrack_019,1,PanTrack_019_20240827,PanTrack_019_20240918,1,0,[]
PanTrack_020,0,PanTrack_020_20240924,PanTrack_020_20241108,2,0,[]
PanTrack_020,1,PanTrack_020_20241108,PanTrack_020_20241111,2,0,[]
PanTrack_021,0,PanTrack_021_20221103,PanTrack_021_20230222,1,0,[]
PanTrack_022,0,PanTrack_022_20240702,PanTrack_022_20240709,1,0,[]
PanTrack_023,0,PanTrack_023_20240816,PanTrack_023_20241015,9,0,[]
PanTrack_024,0,PanTrack_024_20230427,PanTrack_024_20230614,1,0,[]
PanTrack_024,1,PanTrack_024_20230614,PanTrack_024_20230918,4,0,[]
PanTrack_025,0,PanTrack_025_20240624,PanTrack_025_20240820,1,0,[]
PanTrack_026,0,PanTrack_026_20220315,PanTrack_026_20220519,4,0,[]
PanTrack_026,1,PanTrack_026_20220519,PanTrack_026_20220815,4,0,[]
PanTrack_026,2,PanTrack_026_20220815,PanTrack_026_20221108,4,0,[]
PanTrack_026,3,PanTrack_026_20221108,PanTrack_026_20230223,7,1,"[""57""]"
PanTrack_026,4,PanTrack_026_20230223,PanTrack_026_20230717,6,1,"[""65""]"
PanTrack_027,0,PanTrack_027_20240211,PanTrack_027_20240320,1,0,[]
PanTrack_028,0,PanTrack_028_20211209,PanTrack_028_20220215,1,0,[]
PanTrack_028,1,PanTrack_028_20220215,PanTrack_028_20220511,1,0,[]
PanTrack_029,0,PanTrack_029_20230116,PanTrack_029_20230530,14,0,[]
PanTrack_029,1,PanTrack_029_20230530,PanTrack_029_20230728,14,9,"[""10"", ""11"", ""14"", ""15"", ""16"", ""18"", ""19"", ""20"", ""21""]"
PanTrack_029,2,PanTrack_029_20230728,PanTrack_029_20231004,5,3,"[""9"", ""12"", ""13""]"
PanTrack_029,3,PanTrack_029_20231004,PanTrack_029_20231211,2,0,[]
PanTrack_030,0,PanTrack_030_20240618,PanTrack_030_20240621,1,0,[]
PanTrack_030,1,PanTrack_030_20240621,PanTrack_030_20240916,1,0,[]
PanTrack_031,0,PanTrack_031_20240617,PanTrack_031_20240619,1,0,[]
PanTrack_031,1,PanTrack_031_20240619,PanTrack_031_20241118,1,0,[]
PanTrack_032,0,PanTrack_032_20230510,PanTrack_032_20230711,1,0,[]
PanTrack_032,1,PanTrack_032_20230711,PanTrack_032_20230828,1,0,[]
PanTrack_033,0,PanTrack_033_20210713,PanTrack_033_20211109,1,0,[]
PanTrack_033,1,PanTrack_033_20211109,PanTrack_033_20220203,2,0,[]
PanTrack_033,2,PanTrack_033_20220203,PanTrack_033_20220412,2,0,[]
PanTrack_033,3,PanTrack_033_20220412,PanTrack_033_20220919,2,0,[]
PanTrack_033,4,PanTrack_033_20220919,PanTrack_033_20230130,2,1,"[""218""]"
PanTrack_033,5,PanTrack_033_20230130,PanTrack_033_20230328,1,0,[]
PanTrack_033,6,PanTrack_033_20230328,PanTrack_033_20230630,3,0,[]
PanTrack_034,0,PanTrack_034_20230724,PanTrack_034_20230821,1,0,[]
PanTrack_034,1,PanTrack_034_20230821,PanTrack_034_20231028,1,0,[]
PanTrack_034,2,PanTrack_034_20231028,PanTrack_034_20231117,1,0,[]
PanTrack_034,3,PanTrack_034_20231117,PanTrack_034_20240108,1,0,[]
PanTrack_035,0,PanTrack_035_20231020,PanTrack_035_20231130,1,0,[]
PanTrack_035,1,PanTrack_035_20231130,PanTrack_035_20240404,1,0,[]
PanTrack_036,0,PanTrack_036_20220315,PanTrack_036_20220711,1,0,[]
PanTrack_037,0,PanTrack_037_20220808,PanTrack_037_20230620,1,0,[]
PanTrack_037,1,PanTrack_037_20230620,PanTrack_037_20230718,1,0,[]
PanTrack_037,2,PanTrack_037_20230718,PanTrack_037_20231101,1,0,[]
PanTrack_038,0,PanTrack_038_20211102,PanTrack_038_20230920,1,0,[]
PanTrack_038,1,PanTrack_038_20230920,PanTrack_038_20230929,1,0,[]
PanTrack_039,0,PanTrack_039_20210310,PanTrack_039_20210609,1,0,[]
PanTrack_039,1,PanTrack_039_20210609,PanTrack_039_20210930,1,0,[]
PanTrack_039,2,PanTrack_039_20210930,PanTrack_039_20220210,1,0,[]
PanTrack_039,3,PanTrack_039_20220210,PanTrack_039_20220422,1,0,[]
PanTrack_039,4,PanTrack_039_20220422,PanTrack_039_20220825,1,0,[]
PanTrack_039,5,PanTrack_039_20220825,PanTrack_039_20221130,1,0,[]
PanTrack_039,6,PanTrack_039_20221130,PanTrack_039_20230411,1,0,[]
PanTrack_039,7,PanTrack_039_20230411,PanTrack_039_20230719,1,0,[]
PanTrack_039,8,PanTrack_039_20230719,PanTrack_039_20231002,1,0,[]
PanTrack_040,0,PanTrack_040_20230421,PanTrack_040_20230824,1,0,[]
PanTrack_041,0,PanTrack_041_20220804,PanTrack_041_20221101,1,0,[]
PanTrack_041,1,PanTrack_041_20221101,PanTrack_041_20230105,1,0,[]
PanTrack_041,2,PanTrack_041_20230105,PanTrack_041_20230309,1,0,[]
PanTrack_041,3,PanTrack_041_20230309,PanTrack_041_20230519,1,0,[]
PanTrack_042,0,PanTrack_042_20230403,PanTrack_042_20230426,1,0,[]
PanTrack_043,0,PanTrack_043_20240918,PanTrack_043_20241101,1,0,[]
PanTrack_043,1,PanTrack_043_20241101,PanTrack_043_20241108,1,0,[]
PanTrack_044,0,PanTrack_044_20240118,PanTrack_044_20240516,1,0,[]
PanTrack_044,1,PanTrack_044_20240516,PanTrack_044_20240826,1,0,[]
PanTrack_044,2,PanTrack_044_20240826,PanTrack_044_20241202,1,0,[]
PanTrack_045,0,PanTrack_045_20241001,PanTrack_045_20241109,4,0,[]
