patient,official_split,in_holdout60,graph_split,n_rows_all_regions,n_fu_regions,dominant_fu,n_lesions_pair,n_unchanged,n_disappearing,n_newlyappearing,n_merging,n_unclear_pair,n_unclear_all_regions,n_unclear_unchanged,n_unclear_disappearing,n_unclear_newlyappearing,n_unclear_merging,n_merge_events,merge_group_sizes,n_bl_pair,n_fu_pair,n_bl_pair_clear,n_fu_pair_clear,n_graphs_cache,dominant_graph_present
006f52e910,train,False,val,1,1,0,1,1,0,0,0,0,0,0,0,0,0,0,[],1,1,1,1,1,True
01161aaa0b,train,False,train,10,2,0,7,3,4,0,0,0,0,0,0,0,0,0,[],7,3,7,3,1,True
013d407166,train,False,train,14,2,0,8,7,0,1,0,0,0,0,0,0,0,0,[],7,8,7,8,2,True
02522a2b27,train,False,train,6,1,0,6,4,0,2,0,0,0,0,0,0,0,0,[],4,6,4,6,1,True
0266e33d3f,train,False,train,40,2,0,37,8,1,28,0,0,0,0,0,0,0,0,[],9,36,9,36,2,True
03b90eb112,test,True,test,52,1,0,52,11,1,40,0,0,0,0,0,0,0,0,[],12,51,12,51,1,True
03c6b06952,train,False,train,8,2,0,7,1,6,0,0,0,0,0,0,0,0,0,[],7,1,7,1,1,True
045117b0e0,test,True,test,3,1,0,3,3,0,0,0,0,0,0,0,0,0,0,[],3,3,3,3,1,True
060ad92489,train,False,train,31,1,0,31,29,2,0,0,0,0,0,0,0,0,0,[],31,29,31,29,1,True
06138bc5af,test,True,test,3,1,0,3,3,0,0,0,0,0,0,0,0,0,0,[],3,3,3,3,1,True
0640966322,train,False,train,8,1,0,8,2,6,0,0,0,0,0,0,0,0,0,[],8,2,8,2,1,True
069059b7ef,train,False,train,3,1,0,3,3,0,0,0,0,0,0,0,0,0,0,[],3,3,3,3,1,True
06eb133bbf,train,False,train,2,1,0,2,0,2,0,0,0,0,0,0,0,0,0,[],2,0,2,0,0,False
06eb61b839,train,False,train,9,1,0,9,8,0,1,0,0,0,0,0,0,0,0,[],8,9,8,9,0,False
0777d5c17d,train,False,train,1,1,0,1,0,1,0,0,0,0,0,0,0,0,0,[],1,0,1,0,0,False
077e29b11b,train,False,train,8,1,0,8,7,1,0,0,0,0,0,0,0,0,0,[],8,7,8,7,1,True
07cdfd2337,train,False,train,13,1,0,13,6,7,0,0,0,0,0,0,0,0,0,[],13,6,13,6,1,True
07e1cd7dca,test,True,test,2,1,0,2,0,2,0,0,0,0,0,0,0,0,0,[],2,0,2,0,0,False
084b6fbb10,train,False,train,35,1,0,35,28,7,0,0,0,0,0,0,0,0,0,[],35,28,35,28,1,True
091d584fce,train,False,train,1,1,0,1,1,0,0,0,0,0,0,0,0,0,0,[],1,1,1,1,1,True
0a09c8844b,train,False,train,4,1,0,4,1,0,0,3,0,0,0,0,0,0,1,[3],4,1,4,1,1,True
0aa1883c64,train,False,train,1,1,0,1,0,1,0,0,0,0,0,0,0,0,0,[],1,0,1,0,0,False
0e01938fc4,train,False,train,9,1,0,9,9,0,0,0,0,0,0,0,0,0,0,[],9,9,9,9,1,True
0e51011a4c,train,False,train,20,1,0,20,10,9,1,0,0,0,0,0,0,0,0,[],19,11,19,11,1,True
0e65972dce,test,True,test,5,1,0,5,3,2,0,0,0,0,0,0,0,0,0,[],5,3,5,3,1,True
0f49c89d1e,val,True,test,9,1,0,9,5,4,0,0,0,0,0,0,0,0,0,[],9,5,9,5,1,True
11364907cf,train,False,val,24,1,0,24,6,2,16,0,0,0,0,0,0,0,0,[],8,22,8,22,1,True
115f895031,train,False,train,27,1,0,27,5,22,0,0,0,0,0,0,0,0,0,[],27,5,27,5,1,True
11b9842e0a,train,False,val,4,1,0,4,4,0,0,0,0,0,0,0,0,0,0,[],4,4,4,4,1,True
1385974ed5,train,False,val,6,1,0,6,5,1,0,0,0,0,0,0,0,0,0,[],6,5,6,5,1,True
13c022b0b3,train,False,train,2,1,0,2,2,0,0,0,0,0,0,0,0,0,0,[],2,2,2,2,1,True
13fe9d8431,train,False,train,10,1,0,10,5,5,0,0,0,0,0,0,0,0,0,[],10,5,10,5,1,True
140f6969d5,train,False,val,3,1,0,3,2,0,1,0,0,0,0,0,0,0,0,[],2,3,2,3,1,True
1534b76d32,val,True,test,20,1,0,20,12,2,6,0,0,0,0,0,0,0,0,[],14,18,14,18,1,True
158f3069a4,train,False,train,29,1,0,29,22,7,0,0,0,0,0,0,0,0,0,[],29,22,29,22,1,True
16a5cdae36,train,False,train,49,2,0,48,42,5,1,0,0,0,0,0,0,0,0,[],47,43,47,43,1,True
1700002963,train,False,train,11,1,0,11,6,5,0,0,0,0,0,0,0,0,0,[],11,6,11,6,1,True
1732cb4372,train,False,val,3,1,0,3,3,0,0,0,0,0,0,0,0,0,0,[],3,3,3,3,1,True
18bbcaa5ef,train,False,train,51,1,0,51,25,26,0,0,0,0,0,0,0,0,0,[],51,25,51,25,1,True
19f3cd308f,train,False,train,3,1,0,3,0,1,0,2,0,0,0,0,0,0,1,[2],3,0,3,0,0,False
1afa34a7f9,train,False,train,4,1,0,4,4,0,0,0,0,0,0,0,0,0,0,[],4,4,4,4,1,True
1c9ac0159c,train,False,train,43,1,0,43,21,3,16,3,0,0,0,0,0,0,1,[3],27,37,27,37,1,True
1d7f7abc18,test,True,test,1,1,0,1,1,0,0,0,0,0,0,0,0,0,0,[],1,1,1,1,1,True
1ff8a7b5dc,train,False,val,72,1,0,72,38,4,28,2,0,0,0,0,0,0,1,[2],44,66,44,66,1,True
207f466f93,train,False,train,1,1,0,1,1,0,0,0,0,0,0,0,0,0,0,[],1,1,1,1,1,True
21addf5898,test,True,test,8,1,0,8,6,2,0,0,0,0,0,0,0,0,0,[],8,6,8,6,1,True
2618045a3a,val,True,test,5,1,0,5,5,0,0,0,0,0,0,0,0,0,0,[],5,5,5,5,1,True
26e359e838,train,False,train,3,1,0,3,3,0,0,0,0,0,0,0,0,0,0,[],3,3,3,3,1,True
2723d092b6,train,False,train,4,1,0,4,2,2,0,0,0,0,0,0,0,0,0,[],4,2,4,2,1,True
274ad4786c,train,False,train,6,1,0,6,4,2,0,0,0,0,0,0,0,0,0,[],6,4,6,4,1,True
275a967a52,train,False,train,20,1,0,20,11,9,0,0,0,0,0,0,0,0,0,[],20,11,20,11,1,True
289dff0766,train,False,train,12,2,0,11,1,10,0,0,0,0,0,0,0,0,0,[],11,1,11,1,1,True
28fd0fbd33,train,False,train,16,1,0,16,8,8,0,0,0,0,0,0,0,0,0,[],16,8,16,8,1,True
2a452c50d7,train,False,train,26,1,0,26,11,15,0,0,0,0,0,0,0,0,0,[],26,11,26,11,1,True
2a79ea27c2,train,False,val,13,1,0,13,10,1,0,2,0,0,0,0,0,0,1,[2],13,10,13,10,1,True
2b24d49505,train,False,train,18,1,0,18,2,16,0,0,0,0,0,0,0,0,0,[],18,2,18,2,1,True
2b44928ae1,train,False,train,3,1,0,3,3,0,0,0,0,0,0,0,0,0,0,[],3,3,3,3,1,True
2ba100d604,val,True,test,16,1,0,16,13,3,0,0,0,0,0,0,0,0,0,[],16,13,16,13,1,True
2c62105ee1,train,False,train,6,1,0,6,4,2,0,0,0,0,0,0,0,0,0,[],6,4,6,4,1,True
2f1ee6251b,train,False,train,5,2,0,4,2,0,2,0,0,0,0,0,0,0,0,[],2,4,2,4,2,True
307fd7f231,test,True,test,2,1,0,2,2,0,0,0,0,0,0,0,0,0,0,[],2,2,2,2,1,True
31b7b72368,train,False,train,1,1,0,1,1,0,0,0,0,0,0,0,0,0,0,[],1,1,1,1,1,True
31c8f1568c,train,False,train,13,1,0,13,8,0,5,0,0,0,0,0,0,0,0,[],8,13,8,13,1,True
31fefc0e57,test,True,test,16,2,0,14,11,3,0,0,0,0,0,0,0,0,0,[],14,11,14,11,2,True
335f535208,train,False,train,13,1,0,13,11,2,0,0,0,0,0,0,0,0,0,[],13,11,13,11,1,True
34ed066df3,train,False,train,31,1,0,31,14,17,0,0,0,0,0,0,0,0,0,[],31,14,31,14,1,True
3636638817,train,False,train,33,1,0,33,9,1,23,0,0,0,0,0,0,0,0,[],10,32,10,32,1,True
3644a684f9,train,False,val,3,1,0,3,2,1,0,0,0,0,0,0,0,0,0,[],3,2,3,2,1,True
36660e5985,train,False,train,22,1,0,22,11,11,0,0,0,0,0,0,0,0,0,[],22,11,22,11,1,True
37a749d808,train,False,train,89,1,0,89,75,1,11,2,1,1,0,1,0,0,1,[2],78,86,77,86,1,True
37bc1b6433,train,False,val,19,1,0,19,11,8,0,0,0,0,0,0,0,0,0,[],19,11,19,11,1,True
37bc2f75bf,train,False,val,41,1,0,41,10,31,0,0,0,0,0,0,0,0,0,[],41,10,41,10,1,True
38af86134b,train,False,train,4,1,0,4,3,1,0,0,0,0,0,0,0,0,0,[],4,3,4,3,1,True
38b18881fc,val,True,test,13,1,0,13,2,0,11,0,0,0,0,0,0,0,0,[],2,13,2,13,1,True
38b3eff8ba,train,False,train,50,1,0,50,13,37,0,0,1,1,0,1,0,0,0,[],50,13,49,13,1,True
38db3aed92,val,True,test,2,1,0,2,2,0,0,0,0,0,0,0,0,0,0,[],2,2,2,2,1,True
39059724f7,val,True,test,11,1,0,11,5,2,0,4,0,0,0,0,0,0,1,[4],11,5,11,5,1,True
3988c7f88e,val,True,test,49,1,0,49,24,23,0,2,0,0,0,0,0,0,1,[2],49,24,49,24,1,True
3994f23bfb,val,True,test,19,1,0,19,2,17,0,0,0,0,0,0,0,0,0,[],19,2,19,2,1,True
3b8a614226,train,False,val,4,1,0,4,2,2,0,0,0,0,0,0,0,0,0,[],4,2,4,2,1,True
3cec07e9ba,train,False,val,5,1,0,5,4,1,0,0,0,0,0,0,0,0,0,[],5,4,5,4,1,True
3def184ad8,train,False,train,4,1,0,4,4,0,0,0,0,0,0,0,0,0,0,[],4,4,4,4,1,True
3fe94a0023,train,False,val,21,1,0,21,11,10,0,0,0,0,0,0,0,0,0,[],21,11,21,11,1,True
42a0e188f5,train,False,train,16,1,0,16,2,14,0,0,0,0,0,0,0,0,0,[],16,2,16,2,1,True
432aca3a1e,train,False,train,39,3,0,32,0,32,0,0,0,0,0,0,0,0,0,[],32,0,32,0,1,False
441954d29a,train,False,val,13,1,0,13,8,5,0,0,0,0,0,0,0,0,0,[],13,8,13,8,1,True
45fbc6d3e0,train,False,train,9,1,0,9,8,1,0,0,0,0,0,0,0,0,0,[],9,8,9,8,1,True
46ba9f2a69,train,False,train,3,3,0,1,1,0,0,0,0,0,0,0,0,0,0,[],1,1,1,1,3,True
4734ba6f3d,train,False,val,22,1,0,22,15,7,0,0,0,0,0,0,0,0,0,[],22,15,22,15,1,True
47d1e99058,train,False,train,3,1,0,3,3,0,0,0,0,0,0,0,0,0,0,[],3,3,3,3,1,True
48aedb8880,val,True,test,6,1,0,6,5,1,0,0,0,0,0,0,0,0,0,[],6,5,6,5,1,True
49182f81e6,train,False,train,4,1,0,4,4,0,0,0,0,0,0,0,0,0,0,[],4,4,4,4,1,True
496e05e1ae,test,True,test,46,1,0,46,40,6,0,0,0,0,0,0,0,0,0,[],46,40,46,40,1,True
4c56ff4ce4,test,True,test,28,1,0,28,27,1,0,0,0,0,0,0,0,0,0,[],28,27,28,27,1,True
4c5bde74a8,train,False,train,21,1,0,21,12,9,0,0,0,0,0,0,0,0,0,[],21,12,21,12,1,True
502e4a1693,train,False,train,1,1,0,1,1,0,0,0,0,0,0,0,0,0,0,[],1,1,1,1,1,True
5072d348b2,train,False,train,5,1,0,5,3,2,0,0,0,0,0,0,0,0,0,[],5,3,5,3,1,True
53c3bce66e,test,True,test,10,1,0,10,8,2,0,0,0,0,0,0,0,0,0,[],10,8,10,8,1,True
555d6702c9,train,False,train,64,2,0,63,5,4,54,0,0,0,0,0,0,0,0,[],9,59,9,59,2,True
568628e0d9,train,False,train,59,1,0,59,6,53,0,0,0,0,0,0,0,0,0,[],59,6,59,6,1,True
56d9ba4ec6,train,False,val,4,1,0,4,3,1,0,0,0,0,0,0,0,0,0,[],4,3,4,3,1,True
5737c6ec2e,train,False,train,30,1,0,30,16,6,4,4,0,0,0,0,0,0,2,"[2, 2]",26,20,26,20,1,True
5759d9ff2a,train,False,val,6,1,0,6,3,0,3,0,0,0,0,0,0,0,0,[],3,6,3,6,1,True
577bcc914f,train,False,train,30,1,0,30,11,18,1,0,0,0,0,0,0,0,0,[],29,12,29,12,1,True
577ef1154f,val,True,test,9,1,0,9,7,2,0,0,0,0,0,0,0,0,0,[],9,7,9,7,1,True
57aeee35c9,train,False,train,3,1,0,3,2,1,0,0,0,0,0,0,0,0,0,[],3,2,3,2,1,True
5878a7ab84,train,False,train,2,1,0,2,0,2,0,0,0,0,0,0,0,0,0,[],2,0,2,0,0,False
58a2fc6ed3,train,False,train,74,2,0,73,35,0,28,10,0,0,0,0,0,0,5,"[2, 2, 2, 2, 2]",45,63,45,63,2,True
5b8add2a5d,train,False,train,73,1,0,73,53,0,20,0,0,0,0,0,0,0,0,[],53,73,53,73,1,True
5c7d5705ab,val,True,test,8,1,0,8,7,1,0,0,0,0,0,0,0,0,0,[],8,7,8,7,1,True
5ef059938b,train,False,train,2,1,0,2,2,0,0,0,0,0,0,0,0,0,0,[],2,2,2,2,1,True
5f93f98352,test,True,test,4,1,0,4,4,0,0,0,0,0,0,0,0,0,0,[],4,4,4,4,1,True
621bf66ddb,train,False,train,5,1,0,5,2,3,0,0,0,0,0,0,0,0,0,[],5,2,5,2,1,True
64b2c11867,val,True,test,4,1,0,4,4,0,0,0,0,0,0,0,0,0,0,[],4,4,4,4,1,True
65b9eea6e1,train,False,train,4,1,0,4,3,0,1,0,0,0,0,0,0,0,0,[],3,4,3,4,1,True
65cfedc125,train,False,train,6,1,0,6,6,0,0,0,0,0,0,0,0,0,0,[],6,6,6,6,1,True
65ded5353c,train,False,train,22,1,0,22,17,0,5,0,0,0,0,0,0,0,0,[],17,22,17,22,1,True
671f8ff3e6,train,False,train,31,1,0,31,14,16,1,0,0,0,0,0,0,0,0,[],30,15,30,15,1,True
682670d9ab,train,False,train,3,1,0,3,1,2,0,0,0,0,0,0,0,0,0,[],3,1,3,1,1,True
6883966fd8,val,True,test,3,1,0,3,0,3,0,0,0,0,0,0,0,0,0,[],3,0,3,0,0,False
6974ce5ac6,train,False,val,19,1,0,19,12,0,7,0,0,0,0,0,0,0,0,[],12,19,12,19,1,True
698d51a19d,train,False,train,30,1,0,30,28,0,0,2,0,0,0,0,0,0,1,[2],30,28,30,28,1,True
69adc1e107,train,False,train,4,1,0,4,3,1,0,0,0,0,0,0,0,0,0,[],4,3,4,3,1,True
6a9aeddfc6,train,False,train,11,1,0,11,10,1,0,0,0,0,0,0,0,0,0,[],11,10,11,10,1,True
6c4b761a28,train,False,train,9,1,0,9,9,0,0,0,0,0,0,0,0,0,0,[],9,9,9,9,1,True
6c9882bbac,train,False,train,1,1,0,1,1,0,0,0,0,0,0,0,0,0,0,[],1,1,1,1,1,True
6cdd60ea00,train,False,val,2,2,0,1,1,0,0,0,0,0,0,0,0,0,0,[],1,1,1,1,2,True
6d4a60c0cd,train,False,val,26,1,0,26,26,0,0,0,0,0,0,0,0,0,0,[],26,26,26,26,1,True
6da9003b74,train,False,train,6,1,0,6,4,2,0,0,0,0,0,0,0,0,0,[],6,4,6,4,1,True
6f3ef77ac0,train,False,train,13,1,0,13,4,9,0,0,0,0,0,0,0,0,0,[],13,4,13,4,1,True
705f217283,train,False,train,5,1,0,5,1,4,0,0,0,0,0,0,0,0,0,[],5,1,5,1,1,True
73278a4a86,train,False,train,4,1,0,4,1,3,0,0,0,0,0,0,0,0,0,[],4,1,4,1,1,True
738cccd4fd,train,False,val,4,1,0,4,3,1,0,0,0,0,0,0,0,0,0,[],4,3,4,3,1,True
73f7634ab3,train,False,train,20,1,0,20,3,0,7,10,0,0,0,0,0,0,1,[10],13,10,13,10,1,True
74db120f0a,train,False,val,20,2,0,18,4,14,0,0,0,0,0,0,0,0,0,[],18,4,18,4,1,True
757b505cfd,train,False,train,1,1,0,1,1,0,0,0,0,0,0,0,0,0,0,[],1,1,1,1,1,True
758874998f,train,False,train,26,1,0,26,18,0,4,4,0,0,0,0,0,0,2,"[2, 2]",22,22,22,22,1,True
7658d0d211,train,False,train,26,1,0,26,12,0,8,6,0,0,0,0,0,0,1,[6],18,20,18,20,1,True
76dc611d6e,train,False,train,3,1,0,3,3,0,0,0,0,0,0,0,0,0,0,[],3,3,3,3,1,True
7a614fd06c,train,False,train,11,1,0,11,10,1,0,0,0,0,0,0,0,0,0,[],11,10,11,10,1,True
7ba15e3f07,train,False,train,27,1,0,27,6,1,20,0,0,0,0,0,0,0,0,[],7,26,7,26,1,True
7d06a9cf10,train,False,train,4,1,0,4,2,2,0,0,0,0,0,0,0,0,0,[],4,2,4,2,1,True
7e7757b1e1,train,False,train,7,1,0,7,3,0,4,0,0,0,0,0,0,0,0,[],3,7,3,7,1,True
7eabe3a164,train,False,val,23,1,0,23,7,16,0,0,0,0,0,0,0,0,0,[],23,7,23,7,1,True
7ef605fc8d,val,True,test,1,1,0,1,1,0,0,0,0,0,0,0,0,0,0,[],1,1,1,1,1,True
7f100b7b36,train,False,train,10,1,0,10,6,4,0,0,0,0,0,0,0,0,0,[],10,6,10,6,1,True
7f1de29e6d,train,False,train,8,1,0,8,3,5,0,0,0,0,0,0,0,0,0,[],8,3,8,3,1,True
7f5144f962,train,False,train,10,1,0,10,10,0,0,0,0,0,0,0,0,0,0,[],10,10,10,10,1,True
7f6ffaa6bb,val,True,test,7,1,0,7,3,4,0,0,0,0,0,0,0,0,0,[],7,3,7,3,1,True
8216124282,train,False,train,2,1,0,2,2,0,0,0,0,0,0,0,0,0,0,[],2,2,2,2,1,True
82aa4b0af3,train,False,train,5,1,0,5,5,0,0,0,0,0,0,0,0,0,0,[],5,5,5,5,1,True
839ab46820,train,False,train,38,3,0,18,9,9,0,0,0,0,0,0,0,0,0,[],18,9,18,9,3,True
84150c44ef,val,True,test,16,1,0,16,2,14,0,0,14,14,0,14,0,0,0,[],16,2,2,2,1,True
842f3298f9,train,False,train,4,1,0,4,1,3,0,0,0,0,0,0,0,0,0,[],4,1,4,1,1,True
84d9ee44e4,train,False,train,4,2,0,3,2,0,1,0,0,0,0,0,0,0,0,[],2,3,2,3,1,True
84eb13cfed,train,False,train,2,1,0,2,1,1,0,0,0,0,0,0,0,0,0,[],2,1,2,1,1,True
854d6fae5e,train,False,train,4,1,0,4,3,1,0,0,0,0,0,0,0,0,0,[],4,3,4,3,1,True
85d8ce590a,val,True,test,15,3,0,12,5,7,0,0,0,0,0,0,0,0,0,[],12,5,12,5,2,True
871c14878f,train,False,train,29,1,0,29,25,4,0,0,0,0,0,0,0,0,0,[],29,25,29,25,1,True
8c19f571e2,train,False,train,9,1,0,9,9,0,0,0,0,0,0,0,0,0,0,[],9,9,9,9,1,True
8c9611718f,train,False,val,18,1,0,18,14,4,0,0,0,0,0,0,0,0,0,[],18,14,18,14,1,True
8d3bba7425,train,False,train,35,2,0,34,18,16,0,0,0,0,0,0,0,0,0,[],34,18,34,18,2,True
8d5e957f29,train,False,train,3,2,0,2,1,1,0,0,0,0,0,0,0,0,0,[],2,1,2,1,2,True
8e98d81f82,train,False,train,11,1,0,11,3,8,0,0,0,0,0,0,0,0,0,[],11,3,11,3,0,False
8f03ad02c6,test,True,test,21,1,0,21,19,2,0,0,0,0,0,0,0,0,0,[],21,19,21,19,1,True
8f121ce07d,test,True,test,36,1,0,36,22,14,0,0,0,0,0,0,0,0,0,[],36,22,36,22,1,True
8f53295a73,train,False,train,14,1,0,14,2,12,0,0,0,0,0,0,0,0,0,[],14,2,14,2,1,True
8f85517967,train,False,train,8,2,0,5,4,1,0,0,0,0,0,0,0,0,0,[],5,4,5,4,2,True
8fc4c7ab44,train,False,train,2,1,0,2,2,0,0,0,0,0,0,0,0,0,0,[],2,2,2,2,1,True
903ce9225f,train,False,train,3,1,0,3,3,0,0,0,0,0,0,0,0,0,0,[],3,3,3,3,1,True
914b62192c,train,False,train,5,1,0,5,5,0,0,0,0,0,0,0,0,0,0,[],5,5,5,5,1,True
918317b579,train,False,train,10,1,0,10,10,0,0,0,0,0,0,0,0,0,0,[],10,10,10,10,1,True
9188905e74,train,False,train,48,2,0,46,25,21,0,0,0,0,0,0,0,0,0,[],46,25,46,25,2,True
92c8c96e4c,train,False,val,11,2,0,7,5,2,0,0,0,0,0,0,0,0,0,[],7,5,7,5,2,True
93dd4de5cd,train,False,val,2,1,0,2,2,0,0,0,0,0,0,0,0,0,0,[],2,2,2,2,1,True
94f6d7e04a,test,True,test,13,1,0,13,13,0,0,0,0,0,0,0,0,0,0,[],13,13,13,13,1,True
950a4152c2,train,False,train,20,1,0,20,4,16,0,0,0,0,0,0,0,0,0,[],20,4,20,4,1,True
95b3019dea,train,False,val,5,1,0,5,4,0,1,0,0,0,0,0,0,0,0,[],4,5,4,5,1,True
962e611a0f,train,False,train,5,1,0,5,3,2,0,0,0,0,0,0,0,0,0,[],5,3,5,3,1,True
96da2f590c,train,False,val,7,1,0,7,6,0,1,0,0,0,0,0,0,0,0,[],6,7,6,7,1,True
9766527f2b,test,True,test,5,1,0,5,4,1,0,0,0,0,0,0,0,0,0,[],5,4,5,4,1,True
979d472a84,train,False,train,1,1,0,1,1,0,0,0,0,0,0,0,0,0,0,[],1,1,1,1,1,True
9872ed9fc2,val,True,test,5,1,0,5,4,1,0,0,0,0,0,0,0,0,0,[],5,4,5,4,1,True
9ac05befca,train,False,train,8,1,0,8,8,0,0,0,0,0,0,0,0,0,0,[],8,8,8,8,1,True
9b04d15284,train,False,train,3,1,0,3,3,0,0,0,0,0,0,0,0,0,0,[],3,3,3,3,1,True
9b8619251a,train,False,train,18,1,0,18,15,0,3,0,0,0,0,0,0,0,0,[],15,18,15,18,1,True
9c3ce93643,train,False,train,2,1,0,2,1,1,0,0,0,0,0,0,0,0,0,[],2,1,2,1,1,True
9c838d2e45,train,False,train,10,2,0,8,8,0,0,0,0,0,0,0,0,0,0,[],8,8,8,8,2,True
9cfdf10e8f,train,False,train,29,1,0,29,29,0,0,0,0,0,0,0,0,0,0,[],29,29,29,29,1,True
9dcb88e013,train,False,train,7,1,0,7,5,1,1,0,0,0,0,0,0,0,0,[],6,6,6,6,1,True
9dfcd5e558,train,False,val,10,1,0,10,9,0,1,0,0,0,0,0,0,0,0,[],9,10,9,10,1,True
9e94b15ed3,train,False,val,7,1,0,7,4,3,0,0,0,0,0,0,0,0,0,[],7,4,7,4,1,True
9f9cee5b98,test,True,test,4,1,0,4,2,2,0,0,0,0,0,0,0,0,0,[],4,2,4,2,1,True
9fc3d7152b,train,False,train,5,1,0,5,3,2,0,0,0,0,0,0,0,0,0,[],5,3,5,3,1,True
9fd81843ad,train,False,train,34,1,0,34,31,3,0,0,0,0,0,0,0,0,0,[],34,31,34,31,1,True
a0a080f42e,train,False,train,4,1,0,4,1,1,0,2,0,0,0,0,0,0,1,[2],4,1,4,1,1,True
a13ee062ef,test,True,test,4,1,0,4,3,1,0,0,0,0,0,0,0,0,0,[],4,3,4,3,1,True
a2557a7b2e,train,False,train,55,1,0,55,27,3,2,23,2,2,0,2,0,0,2,"[3, 20]",53,29,51,29,1,True
a27ef1c79c,train,False,train,2,1,0,2,1,1,0,0,0,0,0,0,0,0,0,[],2,1,2,1,1,True
a3458cbbcc,train,False,train,29,2,0,27,4,0,23,0,0,0,0,0,0,0,0,[],4,27,4,27,2,True
a3c65c2974,train,False,train,1,1,0,1,0,1,0,0,0,0,0,0,0,0,0,[],1,0,1,0,0,False
a4a042cf4f,train,False,train,5,1,0,5,5,0,0,0,0,0,0,0,0,0,0,[],5,5,5,5,1,True
a4f23670e1,train,False,train,8,1,0,8,3,5,0,0,0,0,0,0,0,0,0,[],8,3,8,3,1,True
a597e50502,test,True,test,1,1,0,1,1,0,0,0,0,0,0,0,0,0,0,[],1,1,1,1,1,True
a5e0013237,train,False,train,2,1,0,2,2,0,0,0,0,0,0,0,0,0,0,[],2,2,2,2,1,True
a666587afd,train,False,train,35,1,0,35,23,12,0,0,0,0,0,0,0,0,0,[],35,23,35,23,1,True
a71d83915f,train,False,train,119,1,0,119,38,0,55,26,0,0,0,0,0,0,2,"[2, 24]",64,93,64,93,1,True
a7228a7d88,train,False,train,24,1,0,24,9,15,0,0,11,11,1,10,0,0,0,[],24,9,13,8,1,True
a861405761,train,False,val,7,1,0,7,7,0,0,0,0,0,0,0,0,0,0,[],7,7,7,7,1,True
a8baa56554,train,False,train,16,1,0,16,16,0,0,0,0,0,0,0,0,0,0,[],16,16,16,16,1,True
a8c88a0055,train,False,val,9,1,0,9,0,1,8,0,0,0,0,0,0,0,0,[],1,8,1,8,1,True
a8f15eda80,test,True,test,22,2,0,21,18,1,0,2,0,1,0,0,0,0,1,[2],21,18,21,18,1,True
a91f7d0f27,train,False,val,3,1,0,3,3,0,0,0,0,0,0,0,0,0,0,[],3,3,3,3,1,True
a97da629b0,train,False,train,22,1,0,22,13,9,0,0,0,0,0,0,0,0,0,[],22,13,22,13,1,True
ac1dd209cb,train,False,train,21,1,0,21,4,17,0,0,0,0,0,0,0,0,0,[],21,4,21,4,1,True
af032fbcb0,test,True,test,20,1,0,20,12,8,0,0,1,1,0,1,0,0,0,[],20,12,19,12,1,True
b1a59b315f,train,False,train,6,1,0,6,2,4,0,0,0,0,0,0,0,0,0,[],6,2,6,2,1,True
b1d10e7baf,train,False,val,6,1,0,6,4,0,0,2,0,0,0,0,0,0,1,[2],6,4,6,4,1,True
b1e0a5a7b0,test,True,test,8,1,0,8,5,3,0,0,0,0,0,0,0,0,0,[],8,5,8,5,1,True
b2eb734903,train,False,train,9,1,0,9,8,1,0,0,0,0,0,0,0,0,0,[],9,8,9,8,1,True
b34f33d0bc,train,False,train,57,1,0,57,25,6,24,2,0,0,0,0,0,0,1,[2],33,49,33,49,1,True
b3e3e393c7,test,True,test,3,1,0,3,1,2,0,0,0,0,0,0,0,0,0,[],3,1,3,1,1,True
b6aea7af56,train,False,train,5,1,0,5,5,0,0,0,0,0,0,0,0,0,0,[],5,5,5,5,1,True
b73ce398c3,train,False,train,3,1,0,3,0,3,0,0,0,0,0,0,0,0,0,[],3,0,3,0,0,False
b7923fe9af,train,False,train,19,1,0,19,16,3,0,0,4,4,1,3,0,0,0,[],19,16,15,15,1,True
ba55ff88bd,train,False,train,49,1,0,49,3,46,0,0,0,0,0,0,0,0,0,[],49,3,49,3,1,True
bbf14f4f9b,test,True,test,2,1,0,2,2,0,0,0,0,0,0,0,0,0,0,[],2,2,2,2,1,True
bc6dc48b74,train,False,train,26,1,0,26,17,5,2,2,0,0,0,0,0,0,1,[2],24,19,24,19,1,True
bcbe3365e6,train,False,train,15,1,0,15,7,0,8,0,0,0,0,0,0,0,0,[],7,15,7,15,1,True
bd4c9ab730,val,True,test,1,1,0,1,1,0,0,0,0,0,0,0,0,0,0,[],1,1,1,1,1,True
bd686fd640,train,False,train,21,1,0,21,7,14,0,0,0,0,0,0,0,0,0,[],21,7,21,7,1,True
be83ab3ecd,val,True,test,10,1,0,10,1,9,0,0,0,0,0,0,0,0,0,[],10,1,10,1,1,True
bf8229696f,train,False,train,1,1,0,1,1,0,0,0,0,0,0,0,0,0,0,[],1,1,1,1,1,True
bf97f24695,test,True,test,23,1,0,23,12,0,2,9,0,0,0,0,0,0,1,[9],21,14,21,14,1,True
bff82d1886,test,True,test,28,1,0,28,23,0,5,0,0,0,0,0,0,0,0,[],23,28,23,28,1,True
c0e190d826,train,False,val,3,1,0,3,2,1,0,0,0,0,0,0,0,0,0,[],3,2,3,2,1,True
c24cd76e1c,train,False,train,4,1,0,4,4,0,0,0,0,0,0,0,0,0,0,[],4,4,4,4,1,True
c4258e0f53,val,True,test,9,1,0,9,6,2,1,0,0,0,0,0,0,0,0,[],8,7,8,7,1,True
c45147dee7,val,True,test,2,1,0,2,1,1,0,0,0,0,0,0,0,0,0,[],2,1,2,1,1,True
c4de9fe968,test,True,test,55,1,0,55,9,45,1,0,0,0,0,0,0,0,0,[],54,10,54,10,1,True
c52f1bd66c,train,False,train,8,1,0,8,2,6,0,0,0,0,0,0,0,0,0,[],8,2,8,2,1,True
c6f057b865,train,False,val,7,2,0,6,0,0,6,0,0,0,0,0,0,0,0,[],0,6,0,6,0,False
c8ffe9a587,train,False,train,2,1,0,2,2,0,0,0,0,0,0,0,0,0,0,[],2,2,2,2,1,True
c9e1074f5b,train,False,val,26,1,0,26,17,1,0,8,0,0,0,0,0,0,3,"[2, 2, 4]",26,17,26,17,1,True
ca46c1b951,train,False,val,7,1,0,7,7,0,0,0,0,0,0,0,0,0,0,[],7,7,7,7,1,True
caf1a3dfb5,train,False,train,51,2,0,30,30,0,0,0,0,0,0,0,0,0,0,[],30,30,30,30,2,True
cb70ab3756,train,False,train,23,2,0,13,13,0,0,0,0,0,0,0,0,0,0,[],13,13,13,13,2,True
ce08becc73,train,False,train,86,1,0,86,2,84,0,0,78,78,0,78,0,0,0,[],86,2,8,2,1,True
cedebb6e87,train,False,train,45,1,0,45,45,0,0,0,0,0,0,0,0,0,0,[],45,45,45,45,1,True
cf2e4f52be,val,True,test,5,1,0,5,4,1,0,0,0,0,0,0,0,0,0,[],5,4,5,4,1,True
cfa0860e83,val,True,test,9,1,0,9,0,9,0,0,0,0,0,0,0,0,0,[],9,0,9,0,0,False
cfecdb276f,train,False,train,4,1,0,4,4,0,0,0,0,0,0,0,0,0,0,[],4,4,4,4,1,True
d2490f048d,train,False,train,2,1,0,2,2,0,0,0,0,0,0,0,0,0,0,[],2,2,2,2,1,True
d2716515bd,train,False,val,26,1,0,26,7,0,4,15,0,0,0,0,0,0,2,"[3, 12]",22,11,22,11,1,True
d296c101da,train,False,train,1,1,0,1,0,1,0,0,0,0,0,0,0,0,0,[],1,0,1,0,0,False
d395771085,train,False,train,19,1,0,19,2,1,3,13,0,0,0,0,0,0,1,[13],16,5,16,5,1,True
d5f038a453,train,False,train,46,1,0,46,3,43,0,0,0,0,0,0,0,0,0,[],46,3,46,3,1,True
d6baf65e0b,train,False,val,15,1,0,15,12,3,0,0,0,0,0,0,0,0,0,[],15,12,15,12,1,True
d947bf06a8,train,False,train,13,1,0,13,0,13,0,0,0,0,0,0,0,0,0,[],13,0,13,0,0,False
db8e1af0cb,train,False,train,15,1,0,15,8,0,3,4,0,0,0,0,0,0,1,[4],12,11,12,11,1,True
dc5c7986da,train,False,train,47,1,0,47,40,0,7,0,0,0,0,0,0,0,0,[],40,47,40,47,1,True
dc5e819e18,train,False,val,28,1,0,28,18,2,8,0,0,0,0,0,0,0,0,[],20,26,20,26,1,True
defd402043,train,False,train,45,1,0,45,13,32,0,0,0,0,0,0,0,0,0,[],45,13,45,13,1,True
e00da03b68,train,False,train,8,2,0,7,6,0,1,0,0,0,0,0,0,0,0,[],6,7,6,7,2,True
e165421110,train,False,train,12,2,0,11,2,9,0,0,0,0,0,0,0,0,0,[],11,2,11,2,1,True
e1eee5e2b4,train,False,train,4,2,0,3,1,2,0,0,0,0,0,0,0,0,0,[],3,1,3,1,2,True
e2c0be2456,val,True,test,51,1,0,51,48,0,1,2,0,0,0,0,0,0,1,[2],50,49,50,49,1,True
e46d0ac1f1,train,False,train,14,1,0,14,5,9,0,0,0,0,0,0,0,0,0,[],14,5,14,5,1,True
e4a6222cdb,train,False,val,6,1,0,6,6,0,0,0,0,0,0,0,0,0,0,[],6,6,6,6,1,True
e56954b4f6,train,False,train,1,1,0,1,0,1,0,0,0,0,0,0,0,0,0,[],1,0,1,0,0,False
e64770ac6b,train,False,train,5,1,0,5,4,1,0,0,0,0,0,0,0,0,0,[],5,4,5,4,1,True
e7db56dbec,train,False,train,5,1,0,5,3,2,0,0,0,0,0,0,0,0,0,[],5,3,5,3,1,True
e88a49bccd,train,False,train,48,1,0,48,16,32,0,0,0,0,0,0,0,0,0,[],48,16,48,16,1,True
e96ed478da,train,False,train,3,1,0,3,2,1,0,0,0,0,0,0,0,0,0,[],3,2,3,2,1,True
ea20a043c0,train,False,train,5,1,0,5,0,4,1,0,0,0,0,0,0,0,0,[],4,1,4,1,1,True
eae27d77ca,train,False,train,11,1,0,11,5,0,6,0,0,0,0,0,0,0,0,[],5,11,5,11,1,True
eb160de1de,train,False,train,5,2,0,4,0,4,0,0,0,0,0,0,0,0,0,[],4,0,4,0,1,False
eb16372791,train,False,train,5,1,0,5,5,0,0,0,0,0,0,0,0,0,0,[],5,5,5,5,1,True
ebf11048b1,val,True,test,3,1,0,3,3,0,0,0,0,0,0,0,0,0,0,[],3,3,3,3,1,True
ec5decca5e,train,False,train,28,1,0,28,1,27,0,0,0,0,0,0,0,0,0,[],28,1,28,1,1,True
ec8ce6abb3,train,False,val,2,1,0,2,2,0,0,0,0,0,0,0,0,0,0,[],2,2,2,2,1,True
eda80a3d5b,val,True,test,7,1,0,7,7,0,0,0,0,0,0,0,0,0,0,[],7,7,7,7,1,True
eecca5b636,train,False,train,3,1,0,3,3,0,0,0,0,0,0,0,0,0,0,[],3,3,3,3,1,True
ef0d3930a7,train,False,train,9,1,0,9,5,4,0,0,0,0,0,0,0,0,0,[],9,5,9,5,1,True
f157be1f00,train,False,train,26,1,0,26,7,1,18,0,0,0,0,0,0,0,0,[],8,25,8,25,1,True
f2217062e9,train,False,val,5,1,0,5,5,0,0,0,0,0,0,0,0,0,0,[],5,5,5,5,1,True
f2fc990265,val,True,test,14,1,0,14,12,2,0,0,0,0,0,0,0,0,0,[],14,12,14,12,1,True
f340f1b1f6,train,False,val,9,1,0,9,9,0,0,0,0,0,0,0,0,0,0,[],9,9,9,9,1,True
f43686bab1,train,False,train,7,1,0,7,7,0,0,0,0,0,0,0,0,0,0,[],7,7,7,7,1,True
f718499c1c,val,True,test,9,1,0,9,8,1,0,0,0,0,0,0,0,0,0,[],9,8,9,8,1,True
f7664060cc,train,False,train,25,1,0,25,12,13,0,0,0,0,0,0,0,0,0,[],25,12,25,12,1,True
f7e6c85504,train,False,train,3,1,0,3,2,1,0,0,0,0,0,0,0,0,0,[],3,2,3,2,1,True
f803dfeb35,train,False,train,22,1,0,22,8,14,0,0,0,0,0,0,0,0,0,[],22,8,22,8,1,True
f899139df5,train,False,train,7,1,0,7,6,0,1,0,0,0,0,0,0,0,0,[],6,7,6,7,1,True
f90f2aca5c,train,False,train,18,1,0,18,13,5,0,0,0,0,0,0,0,0,0,[],18,13,18,13,1,True
fa7cdfad1a,test,True,test,5,1,0,5,5,0,0,0,0,0,0,0,0,0,0,[],5,5,5,5,1,True
fb8490a950,train,False,train,56,1,0,56,43,13,0,0,0,0,0,0,0,0,0,[],56,43,56,43,1,True
fb9ce87f03,test,True,test,12,1,0,12,6,6,0,0,0,0,0,0,0,0,0,[],12,6,12,6,1,True
fc22130974,train,False,val,2,1,0,2,0,2,0,0,0,0,0,0,0,0,0,[],2,0,2,0,0,False
fe131d7f5a,train,False,val,29,1,0,29,6,23,0,0,22,22,1,21,0,0,0,[],29,6,7,5,1,True
