scope,view,n_patients,n_lesions,UNCHANGED,DISAPPEARING,NEWLYAPPEARING,MERGING
all300,paper_rule_unclear_kept,300,4530,2424,1382,558,166
all300,unclear_excluded,300,4396,2421,1251,558,166
all300,unclear_only,300,134,3,131,0,0
official_train240,paper_rule_unclear_kept,240,3756,1949,1169,491,147
official_train240,unclear_excluded,240,3637,1946,1053,491,147
official_train240,unclear_only,240,119,3,116,0,0
official_val30,paper_rule_unclear_kept,30,335,199,109,19,8
official_val30,unclear_excluded,30,321,199,95,19,8
official_val30,unclear_only,30,14,0,14,0,0
official_test30,paper_rule_unclear_kept,30,439,276,104,48,11
official_test30,unclear_excluded,30,438,276,103,48,11
official_test30,unclear_only,30,1,0,1,0,0
holdout60,paper_rule_unclear_kept,60,774,475,213,67,19
holdout60,unclear_excluded,60,759,475,198,67,19
holdout60,unclear_only,60,15,0,15,0,0
